<?xml version="1.0" encoding="UTF-8"?>
<!DOCTYPE hibernate-configuration PUBLIC "-//Hibernate/Hibernate Configuration DTD 3.0//EN" "http://hibernate.sourceforge.net/hibernate-configuration-3.0.dtd">
<hibernate-configuration>
  <session-factory>
    <property name="hibernate.connection.driver_class">com.microsoft.sqlserver.jdbc.SQLServerDriver</property>
    <property name="hibernate.connection.url">jdbc:sqlserver://localhost:1433;databaseName=SLIDE678</property>
    <property name="hibernate.connection.username">sa</property>
    <property name="hibernate.dialect">org.hibernate.dialect.SQLServerDialect</property>
    <property name="hibernate.show_sql">true</property>
    <property name="hibernate.current_session_context_class">thread</property>
    <property name="hibernate.query.factory_class">org.hibernate.hql.internal.ast.ASTQueryTranslatorFactory</property>
    <mapping resource="entity/Sach.hbm.xml"/>
    <mapping resource="entity/Khachhang.hbm.xml"/>
    <mapping resource="entity/Tacgia.hbm.xml"/>
  </session-factory>
</hibernate-configuration>
