<?xml version="1.0" encoding="UTF-8"?>
<project-private xmlns="http://www.netbeans.org/ns/project-private/1">
    <editor-bookmarks xmlns="http://www.netbeans.org/ns/editor-bookmarks/2" lastBookmarkId="0"/>
    <open-files xmlns="http://www.netbeans.org/ns/projectui-open-files/2">
        <group>
            <file>file:/D:/FPoly/SoanChuongTrinh/SoanTailieu/Java4/TaiNguyenGiangVien/Lab2/Cart/web/showcart.jsp</file>
            <file>file:/D:/FPoly/SoanChuongTrinh/SoanTailieu/Java4/TaiNguyenGiangVien/Lab2/Cart/web/WEB-INF/web.xml</file>
            <file>file:/D:/FPoly/SoanChuongTrinh/SoanTailieu/Java4/TaiNguyenGiangVien/Lab2/Cart/src/java/cart/CartBean.java</file>
            <file>file:/D:/FPoly/SoanChuongTrinh/SoanTailieu/Java4/TaiNguyenGiangVien/Lab2/Cart/src/java/model/Products.java</file>
            <file>file:/D:/FPoly/SoanChuongTrinh/SoanTailieu/Java4/TaiNguyenGiangVien/Lab2/Cart/web/index.jsp</file>
            <file>file:/D:/FPoly/SoanChuongTrinh/SoanTailieu/Java4/TaiNguyenGiangVien/Lab2/Cart/src/java/cart/ProductDTO.java</file>
            <file>file:/D:/FPoly/SoanChuongTrinh/SoanTailieu/Java4/TaiNguyenGiangVien/Lab2/Cart/src/java/controller/ControllerCartBean.java</file>
            <file>file:/D:/FPoly/SoanChuongTrinh/SoanTailieu/Java4/TaiNguyenGiangVien/Lab2/Cart/web/META-INF/context.xml</file>
            <file>file:/D:/FPoly/SoanChuongTrinh/SoanTailieu/Java4/TaiNguyenGiangVien/Lab2/Cart/src/java/model/Product.java</file>
        </group>
    </open-files>
</project-private>
