<?xml version="1.0"?>
<!DOCTYPE hibernate-mapping PUBLIC "-//Hibernate/Hibernate Mapping DTD 3.0//EN"
"http://www.hibernate.org/dtd/hibernate-mapping-3.0.dtd">
<!-- Generated Oct 15, 2016 4:39:06 PM by Hibernate Tools 4.3.1 -->
<hibernate-mapping>
    <class name="entity.Khachhang" table="KHACHHANG" schema="dbo" catalog="SLIDE678" optimistic-lock="version">
        <id name="maKhachHang" type="string">
            <column name="MaKhachHang" length="50" />
            <generator class="assigned" />
        </id>
        <property name="matKhau" type="string">
            <column name="MatKhau" length="50" />
        </property>
        <property name="hoVaTen" type="string">
            <column name="HoVaTen" length="50" />
        </property>
        <property name="email" type="string">
            <column name="Email" length="50" />
        </property>
        <property name="dienThoai" type="string">
            <column name="DienThoai" length="50" />
        </property>
    </class>
</hibernate-mapping>
