<?xml version="1.0"?>
<!DOCTYPE hibernate-mapping PUBLIC "-//Hibernate/Hibernate Mapping DTD 3.0//EN"
"http://www.hibernate.org/dtd/hibernate-mapping-3.0.dtd">
<!-- Generated Oct 15, 2016 4:39:06 PM by Hibernate Tools 4.3.1 -->
<hibernate-mapping>
    <class name="entity.Sach" table="SACH" schema="dbo" catalog="SLIDE678" optimistic-lock="version">
        <id name="maSach" type="int">
            <column name="MaSach" />
            <generator class="assigned" />
        </id>
        <many-to-one name="tacgia" class="entity.Tacgia" fetch="select">
            <column name="MaTG" />
        </many-to-one>
        <property name="tenSach" type="string">
            <column name="TenSach" length="50" />
        </property>
        <property name="gia" type="int">
            <column name="Gia" not-null="true" />
        </property>
        <property name="soLuong" type="int">
            <column name="SoLuong" />
        </property>
    </class>
</hibernate-mapping>
