<?xml version="1.0"?>
<!DOCTYPE hibernate-mapping PUBLIC "-//Hibernate/Hibernate Mapping DTD 3.0//EN"
"http://www.hibernate.org/dtd/hibernate-mapping-3.0.dtd">
<!-- Generated Oct 15, 2016 4:39:06 PM by Hibernate Tools 4.3.1 -->
<hibernate-mapping>
    <class name="entity.Tacgia" table="TACGIA" schema="dbo" catalog="SLIDE678" optimistic-lock="version">
        <id name="maTg" type="int">
            <column name="MaTG" />
            <generator class="assigned" />
        </id>
        <property name="tenTacgia" type="string">
            <column name="TenTacgia" length="50" />
        </property>
        <property name="diachi" type="string">
            <column name="Diachi" length="100" />
        </property>
        <set name="saches" table="SACH" inverse="true" lazy="true" fetch="select">
            <key>
                <column name="MaTG" />
            </key>
            <one-to-many class="entity.Sach" />
        </set>
    </class>
</hibernate-mapping>
