<?xml version="1.0"?>
<!DOCTYPE hibernate-mapping PUBLIC "-//Hibernate/Hibernate Mapping DTD 3.0//EN"
"http://www.hibernate.org/dtd/hibernate-mapping-3.0.dtd">
<!-- Generated Feb 21, 2017 4:10:27 PM by Hibernate Tools 4.3.1 -->
<hibernate-mapping>
    <class name="entity.xml.Hocsinh" table="hocsinh" schema="dbo" catalog="SOF301Lab7" optimistic-lock="version">
        <id name="maHocSinh" type="int">
            <column name="MaHocSinh" />
            <generator class="assigned" />
        </id>
        <many-to-one name="lop" class="entity.xml.Lop" fetch="join" lazy="false" cascade="save-update, delete" > <!-- cascade="save-update" cascade="none" lazy="false" fetch="select" fetch="join"  -->
            <column name="MaLop" length="50" />
        </many-to-one>
        <property name="tenHocSinh" type="string">
            <column name="TenHocSinh" length="50" />
        </property>
    </class>
</hibernate-mapping>
