<?xml version="1.0"?>
<!DOCTYPE hibernate-mapping PUBLIC "-//Hibernate/Hibernate Mapping DTD 3.0//EN"
"http://www.hibernate.org/dtd/hibernate-mapping-3.0.dtd">
<!-- Generated Feb 21, 2017 4:10:27 PM by Hibernate Tools 4.3.1 -->
<hibernate-mapping>
    <class name="entity.xml.Lop" table="lop" schema="dbo" catalog="SOF301Lab7" optimistic-lock="version">
        <id name="maLop" type="string">
            <column name="MaLop" length="50" />
            <generator class="assigned" />
        </id>
        <property name="tenLop" type="string">
            <column name="TenLop" length="50" />
        </property>
        <set name="hocsinhs" table="hocsinh" inverse="true" lazy="true" fetch="select">
            <key>
                <column name="MaLop" length="50" />
            </key>
            <one-to-many class="entity.xml.Hocsinh" />
        </set>
    </class>
</hibernate-mapping>
